{"cameraMode":{"drawMode":0,"name":"Shaded","section":"Shading Mode"},"sceneLighting":false,"audioPlay":false,"sceneViewState":{"showFog":true,"showMaterialUpdate":true,"showSkybox":false,"showFlares":true,"showImageEffects":true,"showParticleSystems":true},"in2DMode":false,"pivot":{"x":-0.6915473937988281,"y":0.24726030230522157,"z":-1.1268959045410157},"rotation":{"x":0.25033295154571535,"y":0.6305319666862488,"z":-0.22574210166931153,"w":0.6991879343986511},"size":5.258053779602051,"orthographic":false}