{"cameraMode":{"drawMode":0,"name":"Shaded","section":"Shading Mode"},"sceneLighting":false,"audioPlay":false,"sceneViewState":{"showFog":true,"showMaterialUpdate":true,"showSkybox":false,"showFlares":true,"showImageEffects":true,"showParticleSystems":true},"in2DMode":false,"pivot":{"x":-0.8321126699447632,"y":0.13736063241958619,"z":-8.999072074890137},"rotation":{"x":0.25033295154571535,"y":0.6305319666862488,"z":-0.22574210166931153,"w":0.6991879343986511},"size":1.1989398002624512,"orthographic":false}