{"cameraMode":{"drawMode":0,"name":"Shaded","section":"Shading Mode"},"sceneLighting":false,"audioPlay":false,"sceneViewState":{"showFog":true,"showMaterialUpdate":true,"showSkybox":false,"showFlares":true,"showImageEffects":true,"showParticleSystems":true},"in2DMode":false,"pivot":{"x":2.764829635620117,"y":0.03750750422477722,"z":-2.098522186279297},"rotation":{"x":0.25033295154571535,"y":0.6305319666862488,"z":-0.22574210166931153,"w":0.6991879343986511},"size":0.597613513469696,"orthographic":false}