{"cameraMode":{"drawMode":0,"name":"Shaded","section":"Shading Mode"},"sceneLighting":false,"audioPlay":false,"sceneViewState":{"showFog":true,"showMaterialUpdate":true,"showSkybox":false,"showFlares":true,"showImageEffects":true,"showParticleSystems":true},"in2DMode":false,"pivot":{"x":-1.2647380828857422,"y":3.7135095596313478,"z":-1.2401103973388672},"rotation":{"x":0.1733541190624237,"y":-0.4409501254558563,"z":0.08725496381521225,"w":0.8763357996940613},"size":2.8578834533691408,"orthographic":false}