{"cameraMode":{"drawMode":0,"name":"Shaded","section":"Shading Mode"},"sceneLighting":false,"audioPlay":false,"sceneViewState":{"showFog":true,"showMaterialUpdate":true,"showSkybox":false,"showFlares":true,"showImageEffects":true,"showParticleSystems":true},"in2DMode":false,"pivot":{"x":10.441451072692871,"y":0.048200592398643497,"z":5.316740989685059},"rotation":{"x":0.25033295154571535,"y":0.6305319666862488,"z":-0.22574210166931153,"w":0.6991879343986511},"size":19.390581130981447,"orthographic":false}