{"cameraMode":{"drawMode":0,"name":"Shaded","section":"Shading Mode"},"sceneLighting":false,"audioPlay":false,"sceneViewState":{"showFog":true,"showMaterialUpdate":true,"showSkybox":false,"showFlares":true,"showImageEffects":true,"showParticleSystems":true},"in2DMode":false,"pivot":{"x":2.06459379196167,"y":0.27961254119873049,"z":-2.3087854385375978},"rotation":{"x":0.25033295154571535,"y":0.6305319666862488,"z":-0.22574210166931153,"w":0.6991879343986511},"size":2.155256509780884,"orthographic":false}