{"cameraMode":{"drawMode":0,"name":"Shaded","section":"Shading Mode"},"sceneLighting":true,"audioPlay":false,"sceneViewState":{"showFog":true,"showMaterialUpdate":true,"showSkybox":true,"showFlares":true,"showImageEffects":true,"showParticleSystems":true},"in2DMode":false,"pivot":{"x":0.6945800185203552,"y":0.7671817541122437,"z":-0.018056154251098634},"rotation":{"x":0.003403041046112776,"y":-0.9962998628616333,"z":0.07216589897871018,"w":0.04696584492921829},"size":2.8578836917877199,"orthographic":false}