{"cameraMode":{"drawMode":0,"name":"Shaded","section":"Shading Mode"},"sceneLighting":true,"audioPlay":false,"sceneViewState":{"showFog":true,"showMaterialUpdate":true,"showSkybox":true,"showFlares":true,"showImageEffects":true,"showParticleSystems":true},"in2DMode":false,"pivot":{"x":-1.2647380828857422,"y":3.7135097980499269,"z":-1.2401103973388672},"rotation":{"x":0.06251877546310425,"y":-0.49965041875839236,"z":0.03620859980583191,"w":0.8632469773292542},"size":17.41215705871582,"orthographic":false}