{"cameraMode":{"drawMode":0,"name":"Shaded","section":"Shading Mode"},"sceneLighting":true,"audioPlay":false,"sceneViewState":{"showFog":true,"showMaterialUpdate":true,"showSkybox":true,"showFlares":true,"showImageEffects":true,"showParticleSystems":true},"in2DMode":false,"pivot":{"x":0.7468414306640625,"y":-0.4072761535644531,"z":-0.2277517318725586},"rotation":{"x":0.1733541190624237,"y":-0.4409501254558563,"z":0.08725496381521225,"w":0.8763357996940613},"size":17.41215705871582,"orthographic":false}